{
  "10": 1.853515625,
  "11": 2.244140625,
  "12": 2.390625,
  "13": 2.859375,
  "14": 3.32421875,
  "15": 4.51953125,
  "16": 4.57421875,
  "17": 4.828125,
  "18": 4.57421875,
  "19": 4.08984375,
  "20": 3.60546875,
  "21": 0.0,
  "22": 0.0,
  "baseline_refusal_rate": 0.96,
  "ablated_refusal_rate": 0.52
}