{
  "baseline": {
    "refusal_rate": 0.935,
    "layer_projections": {
      "0": -0.35953125,
      "1": -0.5533642578125,
      "2": -0.625992431640625,
      "3": -0.7368212890625,
      "4": -0.95039794921875,
      "5": -1.109814453125,
      "6": -1.24947021484375,
      "7": -1.31716064453125,
      "8": -1.56295166015625,
      "9": -1.6504736328125,
      "10": -1.111329345703125,
      "11": -0.35788450241088865,
      "12": 0.07645232200622559,
      "13": 1.7707711410522462,
      "14": 3.8500628662109375,
      "15": 7.230888671875,
      "16": 10.827734375,
      "17": 15.8058984375,
      "18": 15.81615234375,
      "19": 15.672158203125,
      "20": 15.92919921875,
      "21": 15.2687353515625,
      "22": 14.918436279296875,
      "23": 15.16902099609375,
      "24": 14.096865234375,
      "25": 13.78786376953125,
      "26": 12.281405639648437,
      "27": 10.427144012451173,
      "28": 10.469813590049744,
      "29": 11.001997108459472,
      "30": 13.198536682128907,
      "31": 15.004108276367187
    }
  },
  "ablated": {
    "refusal_rate": 0.885,
    "layer_projections": {
      "0": -0.35953125,
      "1": -0.5533642578125,
      "2": -0.625992431640625,
      "3": -0.7368212890625,
      "4": -0.95039794921875,
      "5": -1.109814453125,
      "6": -1.24947021484375,
      "7": -1.31716064453125,
      "8": -1.56295166015625,
      "9": -1.6504736328125,
      "10": -1.111329345703125,
      "11": -0.35788450241088865,
      "12": 0.07645232200622559,
      "13": 1.6113464164733886,
      "14": 3.282984619140625,
      "15": 6.473790283203125,
      "16": 9.43008544921875,
      "17": 13.7710986328125,
      "18": 13.9127197265625,
      "19": 13.7345556640625,
      "20": 13.854013671875,
      "21": 13.148668212890625,
      "22": 12.711908569335938,
      "23": 12.839774169921874,
      "24": 11.748359069824218,
      "25": 11.410988159179688,
      "26": 9.951970138549804,
      "27": 8.149850406646728,
      "28": 8.260134665966033,
      "29": 8.718209323883057,
      "30": 10.777169494628906,
      "31": 12.435059204101563
    }
  },
  "sanity_check_cos_sim": 0.98974609375
}