{
  "baseline": {
    "refusal_rate": 0.545,
    "layer_projections": {
      "0": -0.008869514465332032,
      "1": -0.00942148208618164,
      "2": -0.03973342895507812,
      "3": -0.0429949951171875,
      "4": -0.047401657104492186,
      "5": -0.040320205688476565,
      "6": -0.034375147819519045,
      "7": -0.027195196747779846,
      "8": -0.008285688757896424,
      "9": -0.0009757125377655029,
      "10": 0.05331270694732666,
      "11": 0.16974512100219727,
      "12": 0.3993529415130615,
      "13": 0.6941285705566407,
      "14": 1.0627569580078124,
      "15": 1.613218994140625,
      "16": 2.72032470703125,
      "17": 3.56333984375,
      "18": 4.868984375,
      "19": 6.1445263671875,
      "20": 7.034052734375,
      "21": 7.7312158203125,
      "22": 7.6676025390625,
      "23": 7.771982421875,
      "24": 7.7873193359375,
      "25": 7.866708984375,
      "26": 8.04978515625,
      "27": 8.1714306640625,
      "28": 8.603408203125,
      "29": 8.931875,
      "30": 8.8957958984375,
      "31": 9.870166015625
    }
  },
  "ablated": {
    "refusal_rate": 0.435,
    "layer_projections": {
      "0": -0.008869514465332032,
      "1": -0.00942148208618164,
      "2": -0.03973342895507812,
      "3": -0.0429949951171875,
      "4": -0.047401657104492186,
      "5": -0.040320205688476565,
      "6": -0.034375147819519045,
      "7": -0.027195196747779846,
      "8": -0.008285688757896424,
      "9": -0.0009757125377655029,
      "10": 0.05331270694732666,
      "11": 0.16974512100219727,
      "12": 0.3993529415130615,
      "13": 0.6941285705566407,
      "14": 0.9509585571289062,
      "15": 1.5001483154296875,
      "16": 2.59553955078125,
      "17": 3.426903076171875,
      "18": 4.727049560546875,
      "19": 5.755692138671875,
      "20": 6.54543212890625,
      "21": 7.21458740234375,
      "22": 7.157236328125,
      "23": 7.2622412109375,
      "24": 7.28132568359375,
      "25": 7.3164111328125,
      "26": 7.45488525390625,
      "27": 7.56709716796875,
      "28": 7.9169189453125,
      "29": 8.23177490234375,
      "30": 8.20836181640625,
      "31": 9.1611962890625
    }
  },
  "sanity_check_cos_sim": 0.990234375
}