{
  "10": 4.234375,
  "11": 4.58203125,
  "12": 5.05078125,
  "13": 5.2265625,
  "14": 5.2890625,
  "15": 5.47265625,
  "16": 5.30078125,
  "17": 5.3671875,
  "18": 5.46875,
  "19": 5.7578125,
  "20": 5.9296875,
  "21": 5.98046875,
  "22": 5.98046875,
  "baseline_refusal_rate": 0.63,
  "ablated_refusal_rate": 0.0
}