{
  "10": 1.7548828125,
  "11": 1.77734375,
  "12": 1.8291015625,
  "13": 1.9248046875,
  "14": 1.8310546875,
  "15": 1.771484375,
  "16": 1.828125,
  "17": 1.9638671875,
  "18": 2.322265625,
  "19": 0.0,
  "20": 0.0,
  "21": 0.0,
  "22": 0.0,
  "baseline_refusal_rate": 0.87,
  "ablated_refusal_rate": 0.44
}