{
  "baseline": {
    "refusal_rate": 0.87,
    "layer_projections": {
      "0": 0.0067337965965271,
      "1": -0.14080259680747986,
      "2": -0.31202423095703125,
      "3": -0.35538658142089846,
      "4": -0.32473995208740236,
      "5": -0.15675517559051513,
      "6": -0.7909061050415039,
      "7": -1.0741810607910156,
      "8": -1.4416893386840821,
      "9": -1.004983253479004,
      "10": -0.882770767211914,
      "11": -0.3689739227294922,
      "12": -0.10840362548828125,
      "13": 0.6709204959869385,
      "14": 2.1667457580566407,
      "15": 3.0706442642211913,
      "16": 3.975194091796875,
      "17": 4.85590690612793,
      "18": 10.719384803771973,
      "19": 10.446389923095703,
      "20": 11.130294799804688,
      "21": 11.055993881225586,
      "22": 11.663749465942383,
      "23": 13.349979934692383,
      "24": 14.253860473632812,
      "25": 17.043447341918945,
      "26": 18.217978515625,
      "27": 18.157431640625
    }
  },
  "ablated": {
    "refusal_rate": 0.71,
    "layer_projections": {
      "0": 0.0067337965965271,
      "1": -0.14080259680747986,
      "2": -0.31202423095703125,
      "3": -0.35538658142089846,
      "4": -0.32473995208740236,
      "5": -0.15675517559051513,
      "6": -0.7909061050415039,
      "7": -1.0741810607910156,
      "8": -1.4416893386840821,
      "9": -1.004983253479004,
      "10": -0.882770767211914,
      "11": -0.3689739227294922,
      "12": -0.10840362548828125,
      "13": 0.6709204959869385,
      "14": 2.1667457580566407,
      "15": 3.0706442642211913,
      "16": 3.975194091796875,
      "17": 4.85590690612793,
      "18": 9.510792865753174,
      "19": 9.40077823638916,
      "20": 9.480525016784668,
      "21": 9.537721519470216,
      "22": 10.237265586853027,
      "23": 11.415395126342773,
      "24": 12.36088996887207,
      "25": 14.84025966644287,
      "26": 15.946724700927735,
      "27": 16.0826349067688
    }
  },
  "sanity_check_cos_sim": 0.98046875
}