{
  "10": 1.1474609375,
  "11": 1.2099609375,
  "12": 1.3818359375,
  "13": 1.427734375,
  "14": 1.419921875,
  "15": 1.919921875,
  "16": 2.04296875,
  "17": 2.234375,
  "18": 2.19140625,
  "19": 2.0546875,
  "20": 1.689453125,
  "21": 0.0,
  "22": 0.0,
  "baseline_refusal_rate": 0.84,
  "ablated_refusal_rate": 0.44
}