{
  "baseline": {
    "refusal_rate": 0.87,
    "layer_projections": {
      "0": -0.5414337158203125,
      "1": -0.93857177734375,
      "2": -1.178095703125,
      "3": -1.3059051513671875,
      "4": -1.4488629150390624,
      "5": -1.3115921020507812,
      "6": -0.9344632196426391,
      "7": -0.6383196926116943,
      "8": 0.09860692977905273,
      "9": 0.15036441802978515,
      "10": 0.24960242271423339,
      "11": 0.05022863984107971,
      "12": 0.7818283081054688,
      "13": 1.119093780517578,
      "14": 1.274249610900879,
      "15": 3.2559848403930665,
      "16": 4.652518157958984,
      "17": 6.212567253112793,
      "18": 5.652804412841797,
      "19": 5.9926974487304685,
      "20": 5.175004653930664,
      "21": 4.441275939941407,
      "22": 3.246929473876953,
      "23": 2.777901916503906,
      "24": 1.5076792907714844,
      "25": 2.632315979003906,
      "26": 3.178160400390625,
      "27": 17.65887451171875
    }
  },
  "ablated": {
    "refusal_rate": 0.615,
    "layer_projections": {
      "0": -0.5414337158203125,
      "1": -0.93857177734375,
      "2": -1.178095703125,
      "3": -1.3059051513671875,
      "4": -1.4488629150390624,
      "5": -1.3115921020507812,
      "6": -0.9344632196426391,
      "7": -0.6383196926116943,
      "8": 0.09860692977905273,
      "9": 0.15036441802978515,
      "10": 0.24960242271423339,
      "11": 0.05022863984107971,
      "12": 0.7818283081054688,
      "13": 1.119093780517578,
      "14": 1.274249610900879,
      "15": 2.6782727432250977,
      "16": 3.689304733276367,
      "17": 4.464184551239014,
      "18": 3.93961877822876,
      "19": 3.9916439485549926,
      "20": 3.087104148864746,
      "21": 2.189846954345703,
      "22": 1.0493451309204103,
      "23": 0.456160249710083,
      "24": -0.8920579612255096,
      "25": 0.09945152282714843,
      "26": 0.4793682861328125,
      "27": 14.61686294555664
    }
  },
  "sanity_check_cos_sim": 0.98095703125
}