{
  "10": 3.94140625,
  "11": 4.1953125,
  "12": 4.36328125,
  "13": 4.6015625,
  "14": 4.44140625,
  "15": 4.61328125,
  "16": 4.66796875,
  "17": 4.69140625,
  "18": 4.484375,
  "19": 4.57421875,
  "20": 4.578125,
  "21": 4.5859375,
  "22": 4.54296875,
  "baseline_refusal_rate": 0.01,
  "ablated_refusal_rate": 0.0
}