{
  "baseline": {
    "refusal_rate": 0.015,
    "layer_projections": {
      "0": 0.006939334869384766,
      "1": 0.01579845428466797,
      "2": 0.04319931030273438,
      "3": 0.07736679077148438,
      "4": 0.10830535888671874,
      "5": 0.20309295654296874,
      "6": 0.2707232666015625,
      "7": 0.4001171875,
      "8": 0.580908203125,
      "9": 0.731553955078125,
      "10": 0.99774169921875,
      "11": 1.352388916015625,
      "12": 1.736630859375,
      "13": 2.39135498046875,
      "14": 2.8639599609375,
      "15": 3.495126953125,
      "16": 4.574150390625,
      "17": 5.5551806640625,
      "18": 6.2371630859375,
      "19": 6.641923828125,
      "20": 7.1728955078125,
      "21": 7.395791015625,
      "22": 7.5315966796875,
      "23": 7.6295263671875,
      "24": 7.7730615234375,
      "25": 8.020107421875,
      "26": 8.144091796875,
      "27": 8.31349609375,
      "28": 8.616494140625,
      "29": 9.138056640625,
      "30": 9.516005859375,
      "31": 9.81759765625
    }
  },
  "ablated": {
    "refusal_rate": 0.01,
    "layer_projections": {
      "0": 0.006939334869384766,
      "1": 0.01579845428466797,
      "2": 0.04319931030273438,
      "3": 0.07736679077148438,
      "4": 0.10830535888671874,
      "5": 0.20309295654296874,
      "6": 0.2707232666015625,
      "7": 0.4001171875,
      "8": 0.580908203125,
      "9": 0.731553955078125,
      "10": 0.99774169921875,
      "11": 1.352388916015625,
      "12": 1.736630859375,
      "13": 2.305975341796875,
      "14": 2.788857421875,
      "15": 3.4421142578125,
      "16": 4.39860107421875,
      "17": 5.345556640625,
      "18": 6.01864013671875,
      "19": 6.4247412109375,
      "20": 6.878056640625,
      "21": 7.09448486328125,
      "22": 7.23076416015625,
      "23": 7.32810546875,
      "24": 7.4743212890625,
      "25": 7.67797119140625,
      "26": 7.79961669921875,
      "27": 7.963662109375,
      "28": 8.19393310546875,
      "29": 8.66438720703125,
      "30": 9.0312646484375,
      "31": 9.25275146484375
    }
  },
  "sanity_check_cos_sim": 0.9951171875
}