{
  "0.0": {
    "refusal_rate": 0.145,
    "ci_lower": 0.1,
    "ci_upper": 0.195,
    "mcnemar_p_value": 1.0,
    "mcnemar_chi2": 0.0,
    "cohens_h": 0.0
  },
  "0.25": {
    "refusal_rate": 0.135,
    "ci_lower": 0.09,
    "ci_upper": 0.185,
    "mcnemar_p_value": 0.7236736098317629,
    "mcnemar_chi2": 0.125,
    "cohens_h": 0.028823741285387783
  },
  "0.5": {
    "refusal_rate": 0.12,
    "ci_lower": 0.075,
    "ci_upper": 0.165,
    "mcnemar_p_value": 0.26725749315438463,
    "mcnemar_chi2": 1.2307692307692308,
    "cohens_h": 0.07381490566938165
  },
  "0.75": {
    "refusal_rate": 0.12,
    "ci_lower": 0.08,
    "ci_upper": 0.165,
    "mcnemar_p_value": 0.3319754670827342,
    "mcnemar_chi2": 0.9411764705882353,
    "cohens_h": 0.07381490566938165
  },
  "1.0": {
    "refusal_rate": 0.115,
    "ci_lower": 0.075,
    "ci_upper": 0.16,
    "mcnemar_p_value": 0.30743416592739237,
    "mcnemar_chi2": 1.0416666666666667,
    "cohens_h": 0.08934294232240769
  },
  "1.5": {
    "refusal_rate": 0.095,
    "ci_lower": 0.055,
    "ci_upper": 0.14,
    "mcnemar_p_value": 0.0775561667436654,
    "mcnemar_chi2": 3.1153846153846154,
    "cohens_h": 0.15465390580798388
  }
}