{
  "10": 3.70703125,
  "11": 4.21875,
  "12": 4.53515625,
  "13": 4.80078125,
  "14": 5.1015625,
  "15": 5.3984375,
  "16": 5.390625,
  "17": 5.484375,
  "18": 5.63671875,
  "19": 5.66796875,
  "20": 5.76171875,
  "21": 5.82421875,
  "22": 5.79296875,
  "baseline_refusal_rate": 0.12,
  "ablated_refusal_rate": 0.02
}