{
  "baseline": {
    "refusal_rate": 0.115,
    "layer_projections": {
      "0": 0.004701290130615234,
      "1": -0.005576251745223999,
      "2": -0.0021051573753356934,
      "3": 0.0054634130001068116,
      "4": -0.0021383753418922425,
      "5": 0.0063410484790802,
      "6": 0.025368781089782716,
      "7": 0.051048084795475006,
      "8": 0.09178129196166993,
      "9": 0.11931663513183594,
      "10": 0.18396614074707032,
      "11": 0.2912062835693359,
      "12": 0.45387619018554687,
      "13": 0.7056201171875,
      "14": 1.0880780029296875,
      "15": 1.4857373046875,
      "16": 2.1618017578125,
      "17": 2.766787109375,
      "18": 3.6860986328125,
      "19": 4.4787255859375,
      "20": 5.223212890625,
      "21": 5.819736328125,
      "22": 5.764736328125,
      "23": 5.83171875,
      "24": 5.8025341796875,
      "25": 5.8339453125,
      "26": 6.023720703125,
      "27": 6.15287109375,
      "28": 6.6076318359375,
      "29": 7.0586376953125,
      "30": 7.1165234375,
      "31": 8.0209521484375
    }
  },
  "ablated": {
    "refusal_rate": 0.115,
    "layer_projections": {
      "0": 0.004701290130615234,
      "1": -0.005576251745223999,
      "2": -0.0021051573753356934,
      "3": 0.0054634130001068116,
      "4": -0.0021383753418922425,
      "5": 0.0063410484790802,
      "6": 0.025368781089782716,
      "7": 0.051048084795475006,
      "8": 0.09178129196166993,
      "9": 0.11931663513183594,
      "10": 0.18396614074707032,
      "11": 0.2912062835693359,
      "12": 0.45387619018554687,
      "13": 0.7056201171875,
      "14": 0.98154541015625,
      "15": 1.387049560546875,
      "16": 1.97029541015625,
      "17": 2.53587890625,
      "18": 3.420189208984375,
      "19": 4.17907470703125,
      "20": 4.833175048828125,
      "21": 5.39546630859375,
      "22": 5.34071044921875,
      "23": 5.407989501953125,
      "24": 5.380941162109375,
      "25": 5.358387451171875,
      "26": 5.53480224609375,
      "27": 5.660567626953125,
      "28": 6.00798583984375,
      "29": 6.437998046875,
      "30": 6.48152099609375,
      "31": 7.17036376953125
    }
  },
  "sanity_check_cos_sim": 0.98046875
}