{
  "10": 5.44921875,
  "11": 5.9921875,
  "12": 5.8125,
  "13": 5.6015625,
  "14": 4.921875,
  "15": 5.21484375,
  "16": 5.453125,
  "17": 5.43359375,
  "18": 5.1875,
  "19": 5.44921875,
  "20": 5.8125,
  "21": 5.796875,
  "22": 5.78515625
}