{
  "baseline": {
    "refusal_rate": 1.0,
    "layer_projections": {
      "0": 0.0922607421875,
      "1": 0.16121826171875,
      "2": 0.2495849609375,
      "3": 0.45667724609375,
      "4": 0.7348388671875,
      "5": 0.9788330078125,
      "6": 1.30234375,
      "7": 1.551025390625,
      "8": 1.970849609375,
      "9": 2.73193359375,
      "10": 4.246875,
      "11": 5.0787109375,
      "12": 4.01484375,
      "13": 3.273828125,
      "14": 3.0029296875,
      "15": 2.9177734375,
      "16": 3.0076171875,
      "17": 3.07529296875,
      "18": 2.99765625,
      "19": 2.9455078125,
      "20": 2.944140625,
      "21": 3.051171875,
      "22": 3.0474609375,
      "23": 3.01728515625,
      "24": 2.97294921875,
      "25": 3.04931640625,
      "26": 3.08857421875,
      "27": 3.0708984375,
      "28": 2.9265625,
      "29": 2.71484375,
      "30": 2.13935546875,
      "31": 0.718603515625
    }
  },
  "ablated": {
    "refusal_rate": 1.0,
    "layer_projections": {
      "0": 0.0922607421875,
      "1": 0.16121826171875,
      "2": 0.2495849609375,
      "3": 0.45667724609375,
      "4": 0.7348388671875,
      "5": 0.9788330078125,
      "6": 1.27255859375,
      "7": 1.5226806640625,
      "8": 1.950537109375,
      "9": 2.5734375,
      "10": 3.68115234375,
      "11": 4.339208984375,
      "12": 3.520849609375,
      "13": 3.0447265625,
      "14": 2.936962890625,
      "15": 2.88525390625,
      "16": 2.9041015625,
      "17": 2.925341796875,
      "18": 2.830322265625,
      "19": 2.77998046875,
      "20": 2.782177734375,
      "21": 2.896630859375,
      "22": 2.8916015625,
      "23": 2.862451171875,
      "24": 2.842431640625,
      "25": 2.939404296875,
      "26": 3.010595703125,
      "27": 3.01650390625,
      "28": 2.8583984375,
      "29": 2.5642578125,
      "30": 1.84560546875,
      "31": 0.756005859375
    }
  }
}