{
  "10": 4.09375,
  "11": 4.11328125,
  "12": 4.703125,
  "13": 4.875,
  "14": 5.5546875,
  "15": 5.578125,
  "16": 5.3828125,
  "17": 4.70703125,
  "18": 3.552734375,
  "19": 3.76953125,
  "20": 3.9375,
  "21": 3.76171875,
  "22": 3.2265625,
  "baseline_refusal_rate": 0.99,
  "ablated_refusal_rate": 0.62
}