{
  "baseline": {
    "refusal_rate": 0.98,
    "layer_projections": {
      "0": -0.0629206085205078,
      "1": -0.07011016845703125,
      "2": -0.1279388427734375,
      "3": -0.133525390625,
      "4": -0.1719134521484375,
      "5": -0.2122637939453125,
      "6": -0.21246734619140625,
      "7": -0.23443901062011718,
      "8": -0.18757037162780762,
      "9": -0.11462822914123535,
      "10": 0.0685736894607544,
      "11": 0.30295112550258635,
      "12": 0.5880531132221222,
      "13": 0.9561802673339844,
      "14": 1.1613213157653808,
      "15": 1.8921441650390625,
      "16": 1.8018002319335937,
      "17": 1.588004150390625,
      "18": 1.273169937133789,
      "19": 1.2766038799285888,
      "20": 1.328594789505005,
      "21": 1.170090341567993,
      "22": 0.9942101001739502,
      "23": 0.9225288391113281,
      "24": 0.8175522518157959,
      "25": 0.8010004806518555,
      "26": 0.9193315887451172,
      "27": 0.7988157081604004,
      "28": 0.9117085838317871,
      "29": 1.2291356277465821,
      "30": 1.2210134696960449,
      "31": 1.0914795684814453
    }
  },
  "ablated": {
    "refusal_rate": 0.89,
    "layer_projections": {
      "0": -0.0629206085205078,
      "1": -0.07011016845703125,
      "2": -0.1279388427734375,
      "3": -0.133525390625,
      "4": -0.1719134521484375,
      "5": -0.2122637939453125,
      "6": -0.21246734619140625,
      "7": -0.23443901062011718,
      "8": -0.18757037162780762,
      "9": -0.11462822914123535,
      "10": -0.003422219753265381,
      "11": 0.21480652660131455,
      "12": 0.3868130213022232,
      "13": 0.696364631652832,
      "14": 0.8784117841720581,
      "15": 1.1389757919311523,
      "16": 1.0965828895568848,
      "17": 0.9679123306274414,
      "18": 0.6336764907836914,
      "19": 0.6723857831954956,
      "20": 0.7410012006759643,
      "21": 0.6116312432289124,
      "22": 0.45353590488433837,
      "23": 0.37993003845214846,
      "24": 0.265443377494812,
      "25": 0.26111974716186526,
      "26": 0.3845249652862549,
      "27": 0.2496355152130127,
      "28": 0.35155558586120605,
      "29": 0.6692834186553955,
      "30": 0.6431437408924103,
      "31": 0.610157356262207
    }
  },
  "sanity_check_cos_sim": 0.92431640625
}