{
  "baseline": {
    "refusal_rate": 1.0,
    "layer_projections": {
      "0": 0.0901336669921875,
      "1": 0.1232696533203125,
      "2": 0.1761474609375,
      "3": 0.22503662109375,
      "4": 0.315521240234375,
      "5": 0.30462646484375,
      "6": 0.3691925048828125,
      "7": 0.36095342636108396,
      "8": 0.414750337600708,
      "9": 0.490431022644043,
      "10": 0.87518310546875,
      "11": 1.06942138671875,
      "12": 2.715087890625,
      "13": 1.76435546875,
      "14": 1.53447265625,
      "15": 1.3002685546875,
      "16": 1.37421875,
      "17": 1.30516357421875,
      "18": 1.6030517578125,
      "19": 1.4032958984375,
      "20": 1.3672119140625,
      "21": 1.406494140625,
      "22": 1.4512451171875,
      "23": 1.4087646484375,
      "24": 1.4425537109375,
      "25": 1.5249755859375,
      "26": 1.62431640625,
      "27": 1.707373046875,
      "28": 1.73095703125,
      "29": 1.61982421875,
      "30": 1.57802734375,
      "31": 1.1340087890625
    }
  },
  "ablated": {
    "refusal_rate": 0.95,
    "layer_projections": {
      "0": 0.0901336669921875,
      "1": 0.1232696533203125,
      "2": 0.1761474609375,
      "3": 0.22503662109375,
      "4": 0.315521240234375,
      "5": 0.30462646484375,
      "6": 0.3691925048828125,
      "7": 0.36095342636108396,
      "8": 0.414750337600708,
      "9": 0.490431022644043,
      "10": 0.7702430725097656,
      "11": 0.8772852897644043,
      "12": 1.7781592667102815,
      "13": 1.2525930404663086,
      "14": 1.2001495361328125,
      "15": 1.0769083023071289,
      "16": 1.19595947265625,
      "17": 1.114837646484375,
      "18": 1.439697265625,
      "19": 1.231829833984375,
      "20": 1.20606689453125,
      "21": 1.24647216796875,
      "22": 1.303985595703125,
      "23": 1.267041015625,
      "24": 1.29971923828125,
      "25": 1.38538818359375,
      "26": 1.459228515625,
      "27": 1.5367919921875,
      "28": 1.54259033203125,
      "29": 1.4228271484375,
      "30": 1.36839599609375,
      "31": 0.9643341064453125
    }
  },
  "sanity_check_cos_sim": 0.97314453125
}