{
  "10": 1.6630859375,
  "11": 1.716796875,
  "12": 1.77734375,
  "13": 1.9921875,
  "14": 1.90625,
  "15": 1.8095703125,
  "16": 1.884765625,
  "17": 2.09765625,
  "18": 2.51171875,
  "19": 0.0,
  "20": 0.0,
  "21": 0.0,
  "22": 0.0,
  "baseline_refusal_rate": 0.86,
  "ablated_refusal_rate": 0.39
}