{
  "10": 1.646484375,
  "11": 1.96484375,
  "12": 3.572265625,
  "13": 3.126953125,
  "14": 2.58984375,
  "15": 2.48828125,
  "16": 2.775390625,
  "17": 2.375,
  "18": 2.279296875,
  "19": 2.154296875,
  "20": 2.017578125,
  "21": 1.837890625,
  "22": 1.6728515625,
  "baseline_refusal_rate": 1.0,
  "ablated_refusal_rate": 0.8
}