{
  "baseline": {
    "refusal_rate": 0.745,
    "layer_projections": {
      "0": 0.5901806640625,
      "1": 1.45548583984375,
      "2": 1.79513671875,
      "3": 1.5813037109375,
      "4": 1.05366943359375,
      "5": 1.2357958984375,
      "6": 0.96880859375,
      "7": 1.0575277709960937,
      "8": 0.5686828827857972,
      "9": 0.6370813083648682,
      "10": 1.1573412084579469,
      "11": 1.6777851486206055,
      "12": 1.7233718872070312,
      "13": 1.9913013076782227,
      "14": 2.580385513305664,
      "15": 3.4793319702148438,
      "16": 4.165376129150391,
      "17": 5.279330444335938,
      "18": 5.896873168945312,
      "19": 7.525615844726563,
      "20": 9.179677734375,
      "21": 9.288074645996094,
      "22": 11.6506298828125,
      "23": 3.6235928344726562
    }
  },
  "ablated": {
    "refusal_rate": 0.715,
    "layer_projections": {
      "0": 0.5901806640625,
      "1": 1.45548583984375,
      "2": 1.79513671875,
      "3": 1.5813037109375,
      "4": 1.05366943359375,
      "5": 1.2357958984375,
      "6": 0.96880859375,
      "7": 1.0290791690349579,
      "8": 0.5468331062793732,
      "9": 0.6212009942531586,
      "10": 1.1468030285835267,
      "11": 1.669621753692627,
      "12": 1.7212535858154296,
      "13": 2.0000401306152344,
      "14": 2.592365379333496,
      "15": 3.487684478759766,
      "16": 4.18571174621582,
      "17": 5.2918017578125,
      "18": 5.914582824707031,
      "19": 7.512595081329346,
      "20": 8.969024658203125,
      "21": 9.066591491699219,
      "22": 11.4322021484375,
      "23": 3.1251309299468994
    }
  },
  "sanity_check_cos_sim": 0.9970703125
}