{
  "10": 1.1201171875,
  "11": 1.244140625,
  "12": 1.1845703125,
  "13": 1.275390625,
  "14": 1.25390625,
  "15": 1.3828125,
  "16": 1.017578125,
  "17": 1.1318359375,
  "18": 1.2294921875,
  "19": 1.3896484375,
  "20": 1.3037109375,
  "21": 1.236328125,
  "22": 1.2099609375,
  "baseline_refusal_rate": 0.75,
  "ablated_refusal_rate": 0.0
}